query,page,clicks,impressions,position
roof repair katy tx,https://acmeroofing.example/service-areas/katy,4,410,9.8
roof repair katy tx,https://acmeroofing.example/service-areas/katy/roof-repair,1,120,18.2
roof replacement cost houston,https://acmeroofing.example/blog/signs-you-need-a-new-roof,2,380,24.1
roof replacement cost houston,https://acmeroofing.example/roof-replacement-cost,3,150,31.5
hail damage roof repair houston,https://acmeroofing.example/storm-damage-repair,9,520,7.4
hail damage roof repair houston,https://acmeroofing.example/blog/how-to-spot-hail-damage,2,300,14.9
metal roofing houston,https://acmeroofing.example/metal-roofing,12,640,6.1
metal roofing houston,https://acmeroofing.example/blog/metal-vs-shingle,3,210,19.7
roofing contractor sugar land,https://acmeroofing.example/,5,280,12.3
roofing contractor sugar land,https://acmeroofing.example/service-areas/katy,1,90,28.0
