keyword,volume
roof repair houston,880
how long does a shingle roof last,1900
best roofing company houston,590
gaf vs owens corning shingles,720
roof replacement cost houston,480
emergency roof leak repair near me,1300
what is a roof inspection,320
acme roofing,90
metal roof vs shingle roof pros and cons,1600
roofers in katy tx,390
does homeowners insurance cover roof hail damage,2400
roof inspection near me,1000
signs you need a new roof,1300
tpo roofing contractor houston,110
how to tell if roof has hail damage,880
free roof estimate houston,70
roofing companies reviews houston,140
cost to replace roof 2000 sq ft,2900
storm damage roof repair sugar land,50
what color roof is best for texas heat,210
