url,title,h1,meta,intro
https://acmeroofing.example/,Acme Roofing | Houston Roofing Contractor,Houston's Trusted Roofing Contractor,"Roof repair, replacement and storm damage restoration across Greater Houston.","Acme Roofing has repaired and replaced roofs across Houston, Katy and Sugar Land since 2009. Free inspections, insurance claim help, and a 10-year workmanship warranty."
https://acmeroofing.example/service-areas/katy,Roofing Company in Katy TX | Acme Roofing,Roofing Services in Katy,"Acme Roofing serves Katy homeowners with repair, replacement and storm damage work.","We serve every Katy neighborhood, from Cinco Ranch to Firethorne, with the full range of roofing services: repairs, full replacements, gutters and storm damage."
https://acmeroofing.example/service-areas/katy/roof-repair,Roof Repair in Katy TX | Leaks & Shingles | Acme Roofing,Roof Repair in Katy,"Fast roof leak and shingle repair in Katy, TX. Same-week appointments.","Roof leaking in Katy? We fix missing shingles, flashing leaks and storm damage, usually within the same week, and every repair comes with a written warranty."
https://acmeroofing.example/blog/signs-you-need-a-new-roof,7 Signs You Need a New Roof,7 Signs It's Time for a New Roof,"How to tell whether your roof needs repair or full replacement.","Curling shingles, granules in the gutters and daylight in the attic are all signs a roof is near the end of its life. Here is how to tell repair from replacement."
https://acmeroofing.example/roof-replacement-cost,Roof Replacement Cost in Houston (2026 Prices),How Much Does a Roof Replacement Cost in Houston?,"Average Houston roof replacement prices by material and home size.","A shingle roof replacement in Houston typically runs $9,000 to $18,000 for a 2,000 sq ft home. Price depends on material, pitch, tear-off layers and decking repairs."
https://acmeroofing.example/storm-damage-repair,Storm & Hail Damage Roof Repair Houston,Storm and Hail Damage Roof Repair,"Emergency tarping, hail damage repair and insurance claim support in Houston.","After a hailstorm we inspect for bruised shingles and dented vents, tarp active leaks, and document damage for your insurance adjuster."
https://acmeroofing.example/blog/how-to-spot-hail-damage,How to Spot Hail Damage on Your Roof,How to Tell if Your Roof Has Hail Damage,"A homeowner's checklist for spotting hail damage after a storm.","Look for dark bruises on shingles, dented gutters and granules on the driveway. This checklist walks through what to check safely from the ground."
https://acmeroofing.example/metal-roofing,Metal Roofing Houston | Standing Seam Installers,Metal Roofing in Houston,"Standing seam and metal shingle roofs installed across Houston.","Metal roofs last 40 to 70 years and handle Gulf Coast wind and heat. We install standing seam and stone-coated steel on homes across Houston."
https://acmeroofing.example/blog/metal-vs-shingle,Metal Roof vs Shingle Roof: Pros and Cons,Metal vs Shingle Roofs,"Comparing cost, lifespan and heat performance of metal and asphalt shingle roofs.","Metal costs more up front but lasts two to three times longer than asphalt shingles. Here is how the two compare in Texas heat."
